Company name,Industry,BV_MV,Beta,Debt equity ratio,Excess return,Market value,Price Sales,Return monthly
1time_holdings,Consumer Goods,0,0,0,0,0,0,0
AECI,Basic Materials,0.3808934260194,0.4765,0.457405351316035,-0.103714295,15004197,1.00591291230893,0.002055205
Adcorp,Industrials,0.622328322446479,0.7798,0.710029188984658,-0.059952985,3034816.08,0.352195860153871,0.064924415
Advtech,Consumer Goods,0.288740331403854,0.6149,0.189314049085871,-0.154259311,2746758.64,1.62799824561404,-0.039770611
Afgem,Basic Materials,0,0,0,0,0,0,0
Afgri,Consumer Goods,1.0043972165777,0.677,3.04303659559713,-0.15374824,1742338.56,0.22889366263794,-0.03534724
Afnrainbowmin,Basic Materials,0,0,0,0,0,0,0
Afribrand,Consumer Goods,0,0,0,0,0,0,0
abacus_tech,Consumer Goods,0,0,0,0,0,0,0
acucap_properties,Fincials,0.579433281669115,0.0206,0.710804412658797,-0.122503978,7707462,9.91671845387208,-0.045456178
adaptit_holdings,Technology,0.199392866469473,-0.2011,0.182190645566981,0.110986816,351873.17,1.60223469359877,0.174067516
adcock_ingram_holdings,Health Care,0.283771217961212,0.7851,0.148251281281184,-0.149288553,11578274.3,2.51742714951941,-0.024077253
admiral_leiswld,Consumer Goods,0,0,0,0,0,0,0
adrenna_property_group,Financials,0,0,0,0,0,0,0
african_&_osents,Consumer Goods,0,0,0,0,0,0,0
african_bank_invs,Financials,1.4358907093998,-0.1726,4.76726156171911,0.057460369,9961064.52,0.51369524624826,0.122336569
african_harvest,Financials,0,0,0,0,0,0,0
african_life_asr,Fincials,0,0,0,0,0,0,0
african_oxygen,Basic Materials,3.34987546116017,0.8355,1.57501903147996,-0.10818556,6925630.6,0.39507305191101,0.02020094
afrocentric_inv,Health Care,0.787697493627323,0.8393,0.32058488647919,-0.204349359,1120545.65,0.773718031487418,-0.075723459
ag_industries,Industrials,0,0,0,0,0,0,0
alacrity_finlsvs,Fincials,0,0,0,0,0,0,0
alex_white,Industrials,0,0,0,0,0,0,0
alexander_forbes,Fincials,0,0,0,0,0,0,0
alliance_pharmaceuticals,Health Care,0,0,0,0,0,0,0
allied_electronics,Industrials,2.07715357144234,0.4616,3.34596537125188,0.01667185,2282450.4,0.092149477169042,0.12150265
allied_technologies,Telecommunications,0.164349852467822,0,0.624450043313729,-0.068529206,5038033.12,0.495820600334613,0.007220794
aludie,Industrials,0,0,0,0,0,0,0
amalappc,Consumer Goods,0,0,0,0,0,0,0
amalbeverages_ind,Consumer Goods,0,0,0,0,0,0,0
amalgamated_elt,Industrials,1.10306637916198,0.3831,0.698994071059549,-0.237140202,148171.5,0.467400287686271,-0.137254902
amb,Fincials,0,0,0,0,0,0,0
amb_priveqptns,Fincials,0,0,0,0,0,0,0
ambit_properties,Fincials,0,0,0,0,0,0,0
amlac,Consumer Goods,0,0,0,0,0,0,0
andulela_investment_hdg,Fincials,0,0,0,0,0,0,0
anglo_american_(jse),Basic Materials,0.15176943219543,1.04,0.109202706461453,-0.023559595,328261095,7.66284828890238,0.117710405
anglo_american_platinum,Basic Materials,0.209580036458912,1.5984,0.191225017199771,-0.007105267,110502199.5,6.11943094412246,0.169343933
anglogold_ashanti,Basic Materials,0.85668510590972,1.2045,1.12138146283256,-0.060611096,53769380,1.03442329947515,0.091022404
annuity_properties,Fincials,0.0565239709842216,0.3199,1.39863970060896,-0.097766418,1000513.57,9.2075755093777,-0.001862718
apexhi_properties_'a',Fincials,0,0,0,0,0,0,0
apexhi_properties_'b',Fincials,0,0,0,0,0,0,0
apl,Fincials,0,0,0,0,0,0,0
aps_technologies,Health Care,0,0,0,0,0,0,0
aquarius_platinum_(jse),Basic Materials,0.331346762075161,1.6156,0.259271524522332,-0.126406943,1976615.06,4.22106514561987,0.051125857
aquila_growth,Fincials,0,0,0,0,0,0,0
arb_holdings,Industrials,0.481197273290642,0.3193,0.202381326172278,0.036006952,1210250,0.773177435037763,0.131872852
arcay_gp,Fincials,0,0,0,0,0,0,0
arcelormittal_sa,Basic Materials,1.52127137084648,1.2473,0.592038709920293,-0.173466797,14620665.6,0.452778346907807,-0.019136897
ardor,Fincials,0,0,0,0,0,0,0
argent_industrial,Industrials,2.45386761823255,0.2205,1.26599208325401,-0.0896415,549998.7,0.297227509281626,0
arrowhead_propsa_shares,Fincials,0.362767890630434,0.4041,1.96783905992778,-0.178460295,1380789.24,3.11010282249436,-0.077251995
aspen_phmcrhdg,Health Care,0.161686887969798,0.4696,0.130971827891852,-0.027164125,107549846.61,7.04976773489427,0.078170675
assmang,Basic Materials,0,0,0,0,0,0,0
assore,Basic Materials,0.204663477344493,1.5996,0.112090291215443,-0.00287181,54725944,4.22667076312624,0.17365299
astral_foods,Consumer Goods,0.400533267155005,0.0892,0.497463850479627,-0.070607325,3957791.1,0.485018782908693,0.010762275
astrapak,Industrials,1.27209164731588,0.2622,1.35168047617667,-0.131620851,824299.1,0.315221590350683,-0.039352251
atlas_properties,Fincials,0,0,0,0,0,0,0
atlatsa_resources_(jse),Basic Materials,-0.219516785931055,0.9344,0.735505607552509,0.304090617,827740.8,7.04118682851723,0.438707817
austro_group,Industrials,1.17567449318834,0.1339,0.381239440241244,-0.109112386,308328.54,0.738456641542784,-0.024926686
aveng,Industrials,1.21491408468561,0.4434,1.28673690797531,-0.17368232,10619187.12,0.259729907179807,-0.06999812
avgold,Basic Materials,0,0,0,0,0,0,0
avi,Consumer Goods,0.191241773783575,0.4417,0.0996647797809584,-0.146056619,18917415,2.28275452208855,-0.042479519
avis_sthnafrica,Industrials,0,0,0,0,0,0,0
avusa,Consumer Goods,0,0,0,0,0,0,0
awethu_breweries,Consumer Goods,-0.497002022304481,1.3457,3.28092292772922,-0.359672569,3382.28,0.443287024901704,-0.199143469
barclays_africa_group,Fincials,0.575873198960509,0.8162,6.3265633009734,-0.168791808,116141887,1.52991394209237,-0.041621208
barloworld,Industrials,0.634507800352632,0.666,1.08993934529453,-0.045002658,20281862.56,0.346378771048946,0.072705342
barnard_jacmellet,Fincials,0,0,0,0,0,0,0
barnato_exploration,Basic Materials,0,0,0,0,0,0,0
barplats_invs,Basic Materials,0,0,0,0,0,0,0
basil_read,Industrials,1.72970405310508,0.42,3.3054310981364,-0.0418131,1040382.6,0.189385497131592,0.0603969
bauba_platinum,Basic Materials,0,0,0,0,0,0,0
bearing_man,Consumer Goods,0,0,0,0,0,0,0
bell_equipment,Industrials,0.818313538173373,0.527,0.537406417177229,0.051751243,2470806,0.435753805693921,0.160702243
bhp_billiton_(jse),Basic Materials,0.0670809763381446,1.8202,0.0587230960769157,-0.13941913,628446428.5,13.8112869810326,0.05100347
bidvest_group,Industrials,0.265396950927059,0.7698,0.403457744035133,-0.088221004,81501139.8,0.610341664260718,0.036026396
blue_label_telecoms,Telecommunications,0.495372231610592,0.7287,0.340457259598146,-0.061049138,5901953.75,0.315352966195201,0.060608962
bonatla_pr,Fincials,0,0,0,0,0,0,0
bowler_metcalf,Industrials,0.580039210624159,0.6712,0.131810418728424,-0.1180356,725109.6,1.12288480478695,0
braemore_resources_(jse),Fincials,0,0,0,0,0,0,0
brait_sa_(jse),Fincials,0.650971118380643,0.088,0.0103513017783815,-0.120297212,20673728.25,43.7076707188161,-0.039003212
brandcorp,Consumer Goods,0,0,0,0,0,0,0
bridgestone_fireston,Consumer Goods,0,0,0,0,0,0,0
brimstone_inv,Fincials,4.45771997545381,0.5211,4.42698972623077,-0.070120072,631462.5,0.324413862619139,0.038459228
britamertobacco_(jse),Consumer Goods,0.00755079578996179,0.7358,0.0194236945769346,-0.135432644,989564571.45,65.1457914055299,-0.013327244
bryant_technology,Technology,0,0,0,0,0,0,0
buildmax,Basic Materials,1.19681675266035,0.4824,1.3210586773336,0.244701218,489512.7,0.412593684572515,0.350842418
burlington_inds,Consumer Goods,0,0,0,0,0,0,0
business_connexion_group,Technology,1.00769910631012,0.4578,0.647860370784942,-0.157799523,2089655.52,0.358453366963746,-0.053208123
bytes_techgp,Technology,0,0,0,0,0,0,0
cadiz,Fincials,0,0,0,0,0,0,0
cafca,Industrials,0,0,0,0,0,0,0
canadian_ospack,Basic Materials,0,0,0,0,0,0,0
cape_empowerment,Fincials,0,0,0,0,0,0,0
cape_empwmtrust,Fincials,0,0,0,0,0,0,0
capevin_holdings,Consumer Goods,0.150130319891577,0.1531,0.00117179960507587,-0.0853953,6072710.7,14703.9,0
capevin_investments,Consumer Goods,0,0,0,0,0,0,0
capital_&_cnts_(jse)_props,Fincials,0.0387121708415157,0.6333,0.011727864992385,-0.179283528,38174041.08,391.528626461538,-0.063635628
capital_all,Fincials,0,0,0,0,0,0,0
capital_property_fd,Fincials,0.885775385871794,0.0554,0.404440343238186,-0.104184165,15764532.66,7.02412228617564,-0.024943965
capitec_bank,Fincials,0.399105162509558,-0.2194,1.38596131387854,-0.034891847,21330130,1.95158792229708,0.027035953
cargo_carriers,Industrials,0,0,0,0,0,0,0
cashbuild,Consumer Goods,0.281468534239598,-0.2155,0.267103660096155,0.026501253,3469922.5,0.549903946908837,0.088674753
caxton_&_ctp_pb&prt,Consumer Goods,0.561962150137368,0.3489,0.135470243813408,-0.038003029,8640480.5,1.79296447907422,0.059727671
cbd_property_fund,Fincials,0,0,0,0,0,0,0
cbs_property_prtf,Fincials,0,0,0,0,0,0,0
ccn_holdings,Industrials,0,0,0,0,0,0,0
cementation_coof_af,Industrials,0,0,0,0,0,0,0
central_rand_gold_(jse),Basic Materials,1.79487078332366,1.8441,5.63918866960886,-0.496276126,32952.79,#DIV/0!,-0.304347826
ceramic_industries,Industrials,0,0,0,0,0,0,0
chariot_land,Fincials,0,0,0,0,0,0,0
chester_inv,Consumer Goods,0,0,0,0,0,0,0
cic_holdings,Industrials,0,0,0,0,0,0,0
cipla_medpro,Health Care,0.43443125852651,0,0.212529320367927,0,4484872.95,1.95230110341873,0
city_lodge_hotels,Consumer Goods,0.0539771409780221,0.3048,0.189286591701503,-0.162030326,5218246,5.95811249317784,-0.067077926
clicks_group,Consumer Goods,0.0916586625170842,0.5841,0.229069645115346,-0.157319976,14712150.09,0.953047910963223,-0.044771676
clientele,Fincials,0,0,0,0,0,0,0
clientele_lfasr,Fincials,0,0,0,0,0,0,0
clover_industries,Consumer Goods,0.542177799159815,0.5649,0.648969466170567,-0.104729107,3030976.19,0.419578304571944,0.006609593
coal_of_africa_(jse),Basic Materials,0.272130609915425,1.7713,0.12506999435786,-0.344191215,1352394.72,5.75301060082697,-0.156849315
comair,Consumer Goods,0.598908333061747,-0.1208,1.02308736359237,-0.038534539,1359909.28,0.326670558149076,0.029605061
combined_motor,Consumer Goods,0.576670785606201,0.3328,1.36977684020187,-0.0967164,1385227.1,0.154397713014686,0
command,Industrials,0,0,0,0,0,0,0
commerical_finco,Fincials,0,0,0,0,0,0,0
compu_clearoutsc,Technology,0.332536162218244,-0.1965,0.0462810576539408,-0.102792916,143428.01,2.26573795870654,-0.039422416
conafex_holdings_(jse),Consumer Goods,0,0,0,0,0,0,0
concor,Industrials,0,0,0,0,0,0,0
conduit_capital,Fincials,0.707230936694238,0.5837,1.5590346283378,-0.105594694,387133.8,0.850819207363306,0.006928406
congella_fedn,Fincials,0,0,0,0,0,0,0
connection_gp,Consumer Goods,0,0,0,0,0,0,0
consol,Industrials,0,0,0,0,0,0,0
consolidated_infrgp,Industrials,0.451673972430692,0.7998,0.326052861673534,-0.15613815,2538315.4,1.63391017314206,-0.03000075
consproperty_&_fin,Fincials,0,0,0,0,0,0,0
control_instruments_gp,Consumer Goods,1.07838426433921,0.0663,1.53581107517294,-0.179924568,125493.3,0.221575939276123,-0.099997668
convergenet_holdings,Technology,0.47803405995252,0.3742,0.235985931087045,-0.190583005,970935,2.33105334172025,-0.091258405
core,Fincials,0,0,0,0,0,0,0
coronation,Fincials,0,0,0,0,0,0,0
corpcapital,Fincials,0,0,0,0,0,0,0
corvus_cap(sa),Fincials,0,0,0,0,0,0,0
corwil_investments,Fincials,0,0,0,0,0,0,0
country_bird_holdings,Consumer Goods,0,0,0,0,0,0,0
crookes_brothers,Consumer Goods,0.76229081134274,0.5251,0.291459484240084,-0.125091153,759093.5,1.95881953726976,-0.016259853
crux_techs,Technology,0,0,0,0,0,0,0
cs_computer_svs,Technology,0,0,0,0,0,0,0
cullinan,Consumer Goods,0,0,0,0,0,0,0
curro_holdings,Consumer Goods,0.151529795326717,0.4618,0.109437354640276,-0.018206381,5683443.3,15.969842309054,0.086637019
cycad_finlhdg,Fincials,0,0,0,0,0,0,0
daewoo_eltnof_sa,Consumer Goods,0,0,0,0,0,0,0
datacentrix,Technology,0.655669090003076,-0.1717,0.398479464277015,-0.189929835,718431,0.850103536817692,-0.124996935
datatec,Technology,0.697115746638232,0.8052,1.38796958018114,-0.119411419,11204403.34,0.254106380242266,0.007066181
delrand_resources_(jse),Basic Materials,0,0,0,0,0,0,0
delta_emd,Basic Materials,1.56865337356519,0.848,0.394126979189349,-0.098872117,334328.8,0.914818898973619,0.030301883
delta_property_fund,Fincials,0.353535428096631,0.3934,0.398560970329726,-0.124116404,2980397.2,21.2963093698419,-0.023582204
diamond_core_res,Basic Materials,0,0,0,0,0,0,0
diamondcorp_(jse),Basic Materials,0,0,0,0,0,0,0
digicore,Industrials,1.59524461599864,1.0724,0.684776465403157,-0.237758648,403692.32,0.478093747002235,-0.094447448
dimension_data_hdg(jse),Technology,0,0,0,0,0,0,0
dipula_income_fund_'a',Fincials,0.361494023913211,0.2963,1.38892622111825,-0.113624751,1534271.56,5.12135721986895,-0.019207851
discovery,Fincials,0.215212070085661,0.2864,0.350767724620136,-0.145564652,50090127.36,2.6046553668556,-0.051771452
distell_group,Consumer Goods,0,0,0,0,0,0,0
distribution,Industrials,0.657489552399531,0.0217,0.694570250535323,-0.038159711,1931544,0.456817590021051,0.038957389
diversified_prfd,Fincials,0,0,0,0,0,0,0
dna_supply_chninv,Industrials,0,0,0,0,0,0,0
don_group,Consumer Goods,3.56947601017757,0.4489,7.24611246267697,-0.151576712,20613.95,#DIV/0!,-0.047546012
dorbyl,Consumer Goods,0,0,0,0,0,0,0
drd_gold,Basic Materials,0.6377074117481,1.5762,0.349419257501622,-0.034633838,2346988.56,1.3303483352993,0.140416762
dunlop_africa,Industrials,0,0,0,0,0,0,0
dynamic_techhdg,Technology,0,0,0,0,0,0,0
eastern_platinum_(jse),Basic Materials,1.06929375708673,1.5884,0.0751471730138206,-0.254900833,659013.48,7.94087817809375,-0.079081633
edgars_consstores,Consumer Goods,0,0,0,0,0,0,0
eersteling_gdmng,Basic Materials,0,0,0,0,0,0,0
efficient_group,Fincials,1.16672118634827,0.486,0.317645294951477,-0.087702149,58694.4,1.05883498998791,0.018665851
eland_platinum,Basic Materials,0,0,0,0,0,0,0
elb_group,Industrials,0.452664238155287,0.6322,0.748606173523532,-0.147453821,1048982.8,0.607937158319516,-0.031875221
elementone,Consumer Goods,0,0,0,0,0,0,0
ellerine,Consumer Goods,0,0,0,0,0,0,0
ellies_holdings,Industrials,0.426754553674615,1.0624,0.322343242334939,-0.176624421,2245944.4,1.1251927679275,-0.033943221
eltmedia_network_&_supersport,Consumer Goods,0,0,0,0,0,0,0
emergent_properties_susp,Fincials,0,0,0,0,0,0,0
emira_property_fund,Fincials,0.812965222284369,0.1565,0.505126140542684,-0.106855267,7101444,5.6658393031956,-0.021245767
energy_africa,Oil & Gas,0,0,0,0,0,0,0
enterrsman,Fincials,0,0,0,0,0,0,0
enviroserv,Industrials,0,0,0,0,0,0,0
eoh,Technology,0.127551074094196,0.0887,0.142542398600845,0.037303432,7222644,4.39777902126175,0.118641532
eqstra_holdings,Industrials,1.03001275187736,0.538,3.32653140601255,-0.087821374,2879576,0.353625936387081,0.021822626
eureka_industrial,Fincials,0,0,0,0,0,0,0
evraz_highveld_stlvnm,Basic Materials,1.15322345197335,0.9015,1.2275393476126,-0.211331002,1507080,0.346774045098942,-0.078786502
excellerate_hdg,Industrials,0,0,0,0,0,0,0
exxaro_resources,Basic Materials,0.495179496221571,1.3443,0.229928105316469,-0.097052837,58148611.2,4.75497679286941,0.063388063
exxoteq,Oil & Gas,0,0,0,0,0,0,0
fairvest_prhdg,Fincials,0.308297836219073,0.2283,0.0410506433099147,-0.0901329,467690.6,23.825298013245,0
famous_brands,Consumer Goods,0.105191350436307,0.3375,0.0529054443205816,-0.122653195,9427990,3.74678643572852,-0.025640695
faritec_susp,Technology,0,0,0,0,0,0,0
fashion_africa,Consumer Goods,0,0,0,0,0,0,0
fedsure,Fincials,0,0,0,0,0,0,0
ferrum_crescent_(jse),Basic Materials,0,0,0,0,0,0,0
fintech,Industrials,0,0,0,0,0,0,0
firestone_energy_(jse),Basic Materials,0.256890398375674,-0.0457,0.131367983041562,-0.2158709,212981.88,6870.38322580645,-0.143
firstrand,Fincials,0.368784037727134,0.5272,4.12596791794181,-0.09514025,169532825.73,2.48665716781319,0.01382335
forbes_&_manhcoal_(jse),Basic Materials,0,0,0,0,0,0,0
forim_holdings,Health Care,0,0,0,0,0,0,0
fortress_income_fund_'a',Fincials,0.357879127766805,0.2706,0.920429537106348,-0.08258179,4635252.16,7.31030461888337,0.01021601
fortune_beverages,Consumer Goods,0,0,0,0,0,0,0
forza_gp,Consumer Goods,0,0,0,0,0,0,0
fountainhead_prtst,Fincials,0.92215621140933,0.1442,0.364459154377612,-0.106941482,8743564.16,8.13755248861998,-0.022106882
free_state_dev&_inv,Basic Materials,0,0,0,0,0,0,0
freestone_prhdg,Fincials,0,0,0,0,0,0,0
freeworld_coatings,Basic Materials,0,0,0,0,0,0,0
frontrange_sltn,Technology,0,0,0,0,0,0,0
gencor,Fincials,0,0,0,0,0,0,0
gijima_group,Technology,1.30421635133909,1.7539,4.01219759408029,-0.382967011,178576.2,0.070581581206513,-0.196721311
glenrand_m_i_b,Fincials,0,0,0,0,0,0,0
global_technology,Technology,0,0,0,0,0,0,0
global_village,Consumer Goods,0,0,0,0,0,0,0
glodina,Consumer Goods,0,0,0,0,0,0,0
gold_fields,Basic Materials,1.28414447473669,0.9861,1.03855326615828,-0.21633618,39990438,0.87950414895325,-0.07846188
gold_one_intl_(jse),Basic Materials,0,0,0,0,0,0,0
goliath_gold_mining,Basic Materials,0,0,0,0,0,0,0
good_hope_dias(kimb),Basic Materials,0,0,0,0,0,0,0
grand_parade_investments,Fincials,0.900272840817253,-0.0908,0.0723133917976325,0.077022697,1796652,4.12391115232506,0.147052297
great_basin_gold_(jse),Basic Materials,0,0,0,0,0,0,0
grindrod,Industrials,0.722876386135658,0.7205,0.83800246427611,-0.104554941,13991816.85,0.513230958825331,0.016586559
grintek,Industrials,0,0,0,0,0,0,0
griqualand_exp&fin,Basic Materials,0,0,0,0,0,0,0
group_five,Industrials,0.389533718359947,0.7194,1.21824541775153,-0.061171314,4643336.16,0.528650384851933,0.059900886
growthpoint_props,Fincials,0.0198777938609337,0.0801,1.17334632698492,-0.125451719,44924502.5,8.49234451795841,-0.044655419
gubb_&_inggs,Consumer Goods,0,0,0,0,0,0,0
halogen_holdings_(jse),Basic Materials,0,0,0,0,0,0,0
harmony_gold_mng,Basic Materials,2.02580147829062,1.0222,0.513077822915457,-0.073904141,16823958.5,1.10910135803283,0.066244459
health_strategic_inv,Health Care,0,0,0,0,0,0,0
holdsport,Consumer Goods,0.409633734696962,0.5695,0.163023326112147,-0.100688791,1984900,1.44405619080254,0.010939709
homechoice,Consumer Goods,0,0,0,0,0,0,0
hosken_consinvs,Fincials,0.759638061838132,0.5849,0.302849018587555,-0.115910186,16834920,2.04951111592667,-0.003311486
hospitality_prfda,Fincials,0.163786688641321,0.1134,1.61780176618632,-0.083487249,2264427,7.16690615148945,-0.000593049
hospitality_prfdb,Fincials,0.551526604608529,0.969,5.44769982491313,-0.261812011,672466.2,2.12835394801808,-0.125015011
house_of_busby,Consumer Goods,0,0,0,0,0,0,0
howden_africa,Industrials,0.114753212750556,0.3558,0.299120880806978,-0.09966732,2625216.26,1.99302783176435,-0.00150192
hudaco,Industrials,0.531593371583057,0.919,0.958939352841639,-0.119605611,3141143.38,0.899430552727962,0.014041389
hulamin,Basic Materials,3.40069373014436,0.396,1.90439688961942,-0.166487474,1404638.4,0.21471095141132,-0.065789474
hwange_colliery_(jse),Basic Materials,0,0,0,0,0,0,0
hyprop_investments,Fincials,0.409823971615124,-0.2592,0.837268972991925,-0.111490262,17261023,7.92653601974628,-0.052069862
idion_tech,Technology,0,0,0,0,0,0,0
ifa_hotels_&_rsts,Consumer Goods,0,0,0,0,0,0,0
ifanet,Fincials,0,0,0,0,0,0,0
ifour_properties,Fincials,0,0,0,0,0,0,0
iliad_africa,Industrials,1.28432190086951,0.0756,1.68426168009142,-0.033459417,615070.1,0.136892602743994,0.047053383
illovo_sugar,Consumer Goods,0.392751499147969,0.4601,0.364666328697043,-0.089040831,15196632,1.36551069737351,0.015695469
imbalie_beauty,Consumer Goods,0.602854017386875,0.8243,0.202113743966106,0.205556427,69109.6,0.966743603732147,0.333237327
impala_platinum,Basic Materials,0.699144293819319,1.2043,0.280839495476139,0.018482227,71756289,2.60052509694488,0.170103127
imperial,Industrials,0.337261816275767,0.777,0.664106367941352,-0.113434005,43485503.82,0.537987180749722,0.011266995
imperilog,Industrials,0,0,0,0,0,0,0
infrasors_holdings,Basic Materials,1.17086475385536,0.6368,1.70935596817303,-0.055413208,129864.7,0.447804677882643,0.060455192
ingenuity_property_invs,Fincials,0,0,0,0,0,0,0
inmins,Consumer Goods,0,0,0,0,0,0,0
inoutscmgrs,Fincials,0,0,0,0,0,0,0
insimbi_rf&alysups,Basic Materials,0.908111111111111,1.2793,1.78560683760684,-0.393563256,117000,0.141250611180529,-0.237217356
intertrading,Consumer Goods,0,0,0,0,0,0,0
intervid,Technology,0,0,0,0,0,0,0
intu_properties,Fincials,0.0694945712589385,0.9398,0.107043116059074,-0.183053666,42837878.5,80.5223280075188,-0.048096266
investec_(jse),Fincials,0.0934066815975455,1.2255,1.17444896635406,-0.156463849,39873518,11.2161952407809,-0.003507349
invicta,Industrials,0.267355274861114,0.5872,1.23315620095681,-0.084081162,7256550.3,0.960127980011376,0.028662438
iota_finlsvs,Fincials,0,0,0,0,0,0,0
iprop,Fincials,0,0,0,0,0,0,0
ist_group,Industrials,0,0,0,0,0,0,0
italtile,Consumer Goods,0,0,0,0,0,0,0
jasco_eltn,Industrials,2.90167624095793,0.3851,3.74578207501417,-0.359269447,117119.2,0.118303178207501,-0.259258147
jci,Basic Materials,0,0,0,0,0,0,0
jd_group,Consumer Goods,1.40718346661805,0.5022,1.6538262010202,-0.201292508,6288447.96,0.207260453251068,-0.093903908
johnnic,Fincials,0,0,0,0,0,0,0
jse,Fincials,0.273997311429727,0.8409,2.21633132173824,-0.153657448,6828610.8,2.99332952260051,-0.024930748
kagiso_media,Consumer Goods,0.380710793925724,0.0683,0.141851933477256,-0.119397448,3143538.4,3.28497634135331,-0.039344548
kairos_indl,Industrials,0,0,0,0,0,0,0
kap_industrial,Industrials,0.69750249478741,0.3867,1.08824930935469,-0.036673035,7977032.4,0.724000036304229,0.063439065
kaydav_group,Industrials,0,0,0,0,0,0,0
keaton_energy_holdings,Basic Materials,1.97879907360795,0.9737,1.92961236189378,-0.192993721,358409.81,0.390081714658247,-0.055900621
kelgran,Basic Materials,0,0,0,0,0,0,0
kelly_group,Industrials,1.31492352941176,-0.0231,1.93530588235294,-0.091690093,170000,0.0861061628206758,-0.017395393
king_cons,Consumer Goods,0,0,0,0,0,0,0
kiwara_(jse),Basic Materials,0,0,0,0,0,0,0
kumba_iron_ore,Basic Materials,0.14372282903048,1.207,0.113385865886751,-0.077803423,144938700,2.66133012614531,0.073987577
kwikspace_modular_bdgs,Industrials,0,0,0,0,0,0,0
la_group,Consumer Goods,0,0,0,0,0,0,0
laser_group,Industrials,0,0,0,0,0,0,0
lewis_group,Consumer Goods,0.854035569972044,0.6023,0.426505497898586,-0.122120403,5660888.34,1.09123454776775,-0.008425503
liberty_group,Fincials,0,0,0,0,0,0,0
liberty_holdings,Fincials,0.468140015428446,0.6392,8.28915910106665,-0.160820663,32913230,0.43338815442958,-0.044801063
life_healthcare_gphdg,Health Care,0.106818859554043,-0.1082,0.114353912321367,-0.085596774,36894234,3.37334131846027,-0.016663374
litha_healthcare_group,Health Care,0.701227195503872,-0.2569,0.422943548258302,-0.041698808,1549724.55,1.08035396595234,0.017866492
london_fin&_invgp_(jse),Fincials,0,0,0,0,0,0,0
lonmin_(jse),Basic Materials,0.0501850306286723,2.0365,0.0378808229584592,-0.057451951,30687876.06,30.1157077288594,0.146597549
lyons_finlsltnhdg,Fincials,0,0,0,0,0,0,0
m_cubed_holdings,Fincials,0,0,0,0,0,0,0
madison_prop_fdmgrs,Fincials,0,0,0,0,0,0,0
makalani_holdings,Fincials,0,0,0,0,0,0,0
marlin,Basic Materials,0,0,0,0,0,0,0
marlin_corporation,Basic Materials,0,0,0,0,0,0,0
marshall_monteagle,Industrials,1.97787838579661,0,2.027496616772,0,272520.8,0.161347423463513,0
marshall_monteagle_(jse),Industrials,0,0,0,0,0,0,0
masonite_africa,Industrials,0,0,0,0,0,0,0
massmart,Consumer Goods,0.13864523319223,0.946,0.517998505900089,-0.194989822,34185812.89,0.473191476942413,-0.059641822
master_drilling_group,Industrials,0.54486044052491,0.2924,0.375233961276852,-0.0552712,1386287.1,1.70015845236679,0.0389
mathomo_group,Consumer Goods,0,0,0,0,0,0,0
maxtec,Technology,0,0,0,0,0,0,0
mazor_group,Industrials,1.20874311437139,0.5273,0.499023497071459,-0.114747861,206553.4,0.471029269238225,-0.005777961
mediclinic_international,Health Care,0.285111965646746,0.8217,0.629234676470506,-0.059101374,60955000.47,2.48167903550199,0.068415726
merafe_resources,Basic Materials,1.72442071418484,0.2822,1.0070996675358,-0.109325303,1571327.1,0.61814987820537,-0.015796703
mercantile_bank,Fincials,0,0,0,0,0,0,0
merchant_&_indlprops,Fincials,0,0,0,0,0,0,0
messina,Basic Materials,0,0,0,0,0,0,0
metair_investments,Consumer Goods,0.369492677883048,0.6392,0.242523161416246,-0.140001797,5338620,1.01237349171403,-0.023982197
metboard_props,Fincials,0,0,0,0,0,0,0
metmar,Basic Materials,1.99281091663259,0.5889,2.81807636336324,-0.105388013,347499.1,0.171644077918216,0.007462687
metorex,Basic Materials,0,0,0,0,0,0,0
metoz_holdings,Consumer Goods,0,0,0,0,0,0,0
metrofile,Industrials,0.18217783615545,-0.1586,0.129064466082255,-0.00642623,2101260,4.01209781357223,0.05933197
micc_princfd,Fincials,0,0,0,0,0,0,0
micromega_hdg,Industrials,0.812142611788002,1.0641,0.356975679079698,0.675249046,356335.2,0.512781134741771,0.818037346
midas,Consumer Goods,0,0,0,0,0,0,0
mih_hdg,Consumer Goods,0,0,0,0,0,0,0
millionair_charter,Consumer Goods,0,0,0,0,0,0,0
miranda_mrlhdg,Basic Materials,-0.0466837583660993,-0.0716,0.449543023012166,-0.0712392,129809.6,#DIV/0!,0
mix_telematics,Industrials,0.180025903074791,0.5112,0.0562236221003271,0.194141871,4820856.25,4.11518442483013,0.302097471
mmi_holdings,Fincials,0.727946667271404,0.82,8.57119573927396,-0.170665715,32290827.14,0.641187171422331,-0.043255715
mobile_industries,Industrials,0,0,0,0,0,0,0
mondi,Basic Materials,1.54448964903602,1.0331,2.23866931021073,-0.053546542,18578690.39,0.302954029404658,0.087288758
money_web,Consumer Goods,0,0,0,0,0,0,0
monyetla_property_fund,Fincials,0,0,0,0,0,0,0
morvest_business_group,Industrials,1.44864774888307,0.3926,2.04995016435376,0.233047181,157878.96,0.181767582802196,0.333530981
mpact,Industrials,0.627258898663111,0.2354,0.783361052502297,-0.126246384,4069770.88,0.596670607553366,-0.035666184
mr_price_group,Consumer Goods,0.105426272170051,0.5396,0.0460047695506828,-0.136784823,31453260.48,2.30190723653396,-0.027040023
mtn_group,Telecommunications,0.251771173261084,0.638,0.246266525224254,-0.101908833,353519423.4,2.61649167653502,0.014035167
murray_&_roberts,Industrials,0.511118374300127,0.2705,1.27664128779397,-0.003641145,11518662.4,0.325331721549233,0.089150355
mustek,Technology,1.39391513653593,0.4099,2.44828603838315,-0.14921236,542165,0.154791818401658,-0.04763866
mutual_&_federal_in,Fincials,0,0,0,0,0,0,0
muvoni_tech_group,Industrials,0.709092569784983,0,2.56933701866382,0,34377.74,0.32416845043329,0
mvelaphanda_res,Basic Materials,0,0,0,0,0,0,0
mvelaserve,Industrials,0.732193252165524,0.3066,1.11719565659809,-0.044729728,1241498.74,0.251143546838268,0.050336072
namibian_sea_prds,Consumer Goods,0,0,0,0,0,0,0
nampak,Industrials,0.299626488359779,0.5445,0.428568288211827,-0.169616069,20925720,1.18632583295066,-0.059562569
naspers,Consumer Goods,0.15233965855822,1.1937,0.133052353952237,-0.123743646,352770910.14,7.02045633027523,0.027209454
national_chick,Consumer Goods,0,0,0,0,0,0,0
national_sporting_index,Fincials,0,0,0,0,0,0,0
natural_health,Consumer Goods,0,0,0,0,0,0,0
nedbank_group,Fincials,0.560798376243571,0.5521,6.49517822791094,-0.049941215,96202133.04,1.55425444358278,0.060591085
net_1_applied_tech,Technology,0,0,0,0,0,0,0
netcare,Health Care,0.0292833782887548,0.5661,1.24241015749655,-0.119108074,34217363.52,1.35923427027886,-0.007693774
new_afinvt,Consumer Goods,0,0,0,0,0,0,0
new_bond_capital,Fincials,0,0,0,0,0,0,0
new_europe_prinvs(jse),Fincials,0.0242788387708489,0.4087,0.0163382424894655,-0.02536321,13153924,404.015111493335,0.07613489
nictus_beperk,Consumer Goods,0,0,0,0,0,0,0
ninian_&_lester,Consumer Goods,0,0,0,0,0,0,0
niveus_investments,Fincials,0,0,0,0,0,0,0
northam_platinum,Basic Materials,0.653808684801706,1.2905,0.114936815331609,-0.004183261,15927055.18,4.3233048805646,0.152868239
nthnengrindsaf,Industrials,0,0,0,0,0,0,0
nu_world,Consumer Goods,1.80045869027643,0.5086,0.678284796432041,-0.115235806,362336,0.171357686754464,-0.007444006
nutritional_holdings,Health Care,0.596902189948639,3.156,0.00682564922104156,1.709548984,59921.04,1.75320498566329,1.984126984
oando_(jse),Oil & Gas,0,0,0,0,0,0,0
oceana_group,Consumer Goods,0.150661314688123,0.5483,0.0867432609644819,-0.200261684,10517232,2.26276740008662,-0.089968784
octodec_investments,Fincials,0.957177539069706,-0.5589,0.73808686219673,-0.074446262,2127703.5,4.61137768935182,-0.033906962
old_mutual_(jse),Fincials,0.0547034737572021,0.7519,0.929691451915333,-0.135037243,142001951,14.3378383481422,-0.011917543
omega_alpha_intlitech,Technology,0,0,0,0,0,0,0
omnia,Basic Materials,0.379718698501514,0.4148,0.314183880734297,0.000390636,13046500,0.963338994314406,0.102273036
orion_real_estate,Fincials,0,0,0,0,0,0,0
osi,Technology,0,0,0,0,0,0,0
otr_mining,Basic Materials,0,0,0,0,0,0,0
ozz,Industrials,0,0,0,0,0,0,0
palabora_mining,Basic Materials,0.74921974812328,0.3021,0.54034965179637,-0.095655517,5529752.8,0.567678143927728,-0.000873217
pallinghurst_resources,Fincials,0.141125835807593,0.476,0.0000560306759946689,0.061471113,1749041.9,-83.6501936964943,0.167209113
pals,Consumer Goods,0,0,0,0,0,0,0
pamodzi_gold,Basic Materials,0,0,0,0,0,0,0
pan_african_res_(jse),Basic Materials,0.0260649423381281,1.7427,0.00636575248731162,-0.105526972,3937319.28,39.0200612457262,0.080013128
pangbourne_props,Fincials,0,0,0,0,0,0,0
paracon,Technology,0,0,0,0,0,0,0
paragon_buscomm,Industrials,0,0,0,0,0,0,0
paramount_prfd,Fincials,0,0,0,0,0,0,0
pasdec_resources,Industrials,0,0,0,0,0,0,0
peermont_global,Consumer Goods,0,0,0,0,0,0,0
pepkor,Consumer Goods,0,0,0,0,0,0,0
peregrine_holdings,Fincials,0.715286954845115,0.4105,6.85473281586805,-0.097279864,2386368.14,1.37360344902018,0.004331636
petmin,Basic Materials,1.24908864284987,0.5655,0.560951548422688,-0.136379649,1124970.6,2.1788961133288,-0.025003149
phumelela_gmg&_leis,Consumer Goods,0.345583960486786,0.5584,0.156583114408559,0.055350337,1168095.3,1.74769855258079,0.166279537
pick_n_pay_holdings,Consumer Goods,0.136780489473838,0.4437,1.13888800246993,-0.110559829,9163587.62,0.154604127461351,-0.006856729
pick_n_pay_stores,Consumer Goods,0.131344314116303,0.4287,0.567058417737137,-0.089259199,18394401.13,0.310342461359882,0.013498901
pinnacle,Technology,0.200558354546592,0.6533,0.341392123763362,-0.188028038,4021258.56,0.688030671773154,-0.071120138
pioneer_food_group,Consumer Goods,0.340676000687025,0.5016,0.242929687732807,-0.124719667,18154792.2,0.975552246539034,-0.017368867
pioneer_property_fd,Fincials,0,0,0,0,0,0,0
power_techs,Industrials,0,0,0,0,0,0,0
ppc,Industrials,0.0655613067514643,0.5582,0.319332623360874,-0.089191958,17937409.4,2.44179273073782,0.021724642
prada_techs,Fincials,0,0,0,0,0,0,0
premium_properties,Fincials,0.723162091828882,-0.1972,1.04081877163962,-0.113325328,2680903.8,4.57556142668428,-0.049998928
prescient,Fincials,0.481474828519916,-0.2689,4.35224098423255,0.008606376,1518120.9,2.50766179985563,0.067415676
president_steyn_gold_min,Basic Materials,0,0,0,0,0,0,0
prima_property_tst,Fincials,0,0,0,0,0,0,0
primedia,Consumer Goods,0,0,0,0,0,0,0
primegro_props,Fincials,0,0,0,0,0,0,0
primeserv_group,Industrials,1.99716689649525,-0.7804,2.03825278675918,-0.0265848,35657.01,0.057233631028815,0
prism,Technology,0,0,0,0,0,0,0
protech_khuthele_hdg,Industrials,1.85223529411765,0.5623,2.82081406355646,-0.130260125,184875,0.179971847000323,-0.019085225
psg_group,Fincials,0.416358561539665,0.2347,1.08775125274073,-0.00602876,14385917.7,2.87873805855162,0.08450734
psg_invest_bk,Fincials,0,0,0,0,0,0,0
psv,Industrials,1.97842826462372,0,2.33371736354697,-0.125,49058.64,0.128726007520158,-0.125
purple_capital,Fincials,1.51125916998041,-0.0143,0.351863216288636,0.083314165,181039.1,1.9314751789696,0.158163265
putco,Industrials,0,0,0,0,0,0,0
putprop,Fincials,0,0,0,0,0,0,0
rand_leases_props,Fincials,0,0,0,0,0,0,0
rand_merchant_inhdg,Fincials,0.343022928312348,0.6198,0.203539773072474,-0.156620631,38434748.56,5.2399111874574,-0.041823231
randgold_&_exp,Basic Materials,1.14470295505682,0.8676,0.273969036435265,-0.125533444,153645.1,#DIV/0!,0.004875356
rare_earth_extn,Basic Materials,0,0,0,0,0,0,0
raubex_group,Industrials,0.688815671507979,0.6847,0.442478742579957,-0.096450203,4238520,0.752108190922611,0.022435897
rcl_foods,Consumer Goods,0.281594014744461,0.4923,0.22186906207107,-0.136176665,10321096.5,1.31392869791533,-0.029411765
real_africa,Fincials,0,0,0,0,0,0,0
rebosis_property_fund,Fincials,0.175744531045601,0.1868,0.924033337270035,-0.026648835,4247210.4,8.13747844546799,0.060869565
rectron,Technology,0,0,0,0,0,0,0
redefine_properties,Fincials,0.135701582828469,0.0049,0.0419915885308804,-0.143267077,26889885.32,#DIV/0!,-0.067208377
redefine_propsintl,Fincials,3.25242367490587,0.9131,6.44153783736012,-0.045032304,4688995.2,1.15716172542392,0.088242996
ref_fin&inv,Fincials,0,0,0,0,0,0,0
reinet_investments_sca_(dr),Fincials,0,0.6848,0.0145626869358275,-0.120469998,37699086.88,#DIV/0!,-0.001577598
relyant_retail,Consumer Goods,0,0,0,0,0,0,0
remgro,Industrials,0.594152364301587,0.801,0.0418821062724656,-0.136797332,89966822,6.64844974874372,-0.010584332
rentsure_hdg,Fincials,0,0,0,0,0,0,0
resilient_princfd,Fincials,0,-0.0232,0.524121917709862,-0.099998407,14097897.36,11.2668347300431,-0.025710007
resource_generation(jse),Basic Materials,0,0,0,0,0,0,0
retail_apparel_gp,Consumer Goods,0,0,0,0,0,0,0
reunert,Industrials,0.322699457354602,0.5021,0.151806856866164,-0.086333754,13764200.4,1.18024046920821,0.021048546
rex_trufcloth,Consumer Goods,0,0,0,0,0,0,0
rgt_smart_market_intge,Industrials,0,0,0,0,0,0,0
richemont_secs_(jse),Consumer Goods,0.0168714338751859,1.5841,0.00632259696129117,-0.167872003,507070120.02,108.953614099699,0.007676297
richway_retprops,Fincials,0,0,0,0,0,0,0
rlpeople_fin,Fincials,0,0,0,0,0,0,0
rmb,Fincials,0.452421364733178,0.5906,0.024161144061926,-0.117144653,57075111.86,2378.12966083333,-0.004186853
rockwell_diamonds_(jse),Basic Materials,0.419649971833124,0.2149,0.221489429394544,-0.154997119,137040.4,4.22898935349483,-0.065708419
royal_bafokeng_platinum,Basic Materials,1.23204054835022,0.9281,0.491724971198966,-0.008627579,9347094.96,3.26216974138834,0.125592721
rrm_invshdg,Industrials,0,0,0,0,0,0,0
sa_corporate_rlestfund,Fincials,0.91711792410824,0.118,0.232901241667896,-0.09093971,7603553.28,6.19263557570298,-0.00775571
saambou,Fincials,0,0,0,0,0,0,0
sab_t_ubuntu,Industrials,0,0,0,0,0,0,0
sable,Fincials,0,0,0,0,0,0,0
sable_metals_and_min,Basic Materials,0,0,0,0,0,0,0
sabmiller_(jse),Consumer Goods,0.0221297476083246,0.9381,0.0241361265910148,-0.103919584,784137998.64,70.977025832901,0.030930716
sabvest,Fincials,0,0,0,0,0,0,0
sage_group,Fincials,0,0,0,0,0,0,0
sail_gp,Consumer Goods,0,0,0,0,0,0,0
sallies,Basic Materials,0,0,0,0,0,0,0
samrand_dev,Fincials,0,0,0,0,0,0,0
sanlam,Fincials,0.381928969719541,0.7053,4.1455779357148,-0.151743492,96663000,1.7463010134952,-0.031559592
santam,Fincials,0.253486572293096,0.5123,0.639537097168586,-0.123753924,21732906.6,1.25485920665165,-0.015729024
santova,Industrials,1.09497788807529,0.6742,3.07572464460644,-0.063441991,132365.23,0.0501376420103203,0.054782609
sanyati,Industrials,0,0,0,0,0,0,0
sappi,Basic Materials,0.956627545026053,0.5837,2.81593516023744,-0.183871132,13249183.62,0.25976503442089,-0.071348032
sasani,Consumer Goods,0,0,0,0,0,0,0
sasfin,Fincials,0.836014221592799,0.5645,3.72054881908701,-0.031010312,1151530.65,1.25638612305819,0.080303188
sea_kay_holdings,Industrials,0,0,0,0,0,0,0
seardel_inv,Consumer Goods,1.01693827682495,1.4999,0.711543340401746,-0.17788943,1436258.26,0.571420831466736,-0.00764573
securedata_holdings,Technology,1.53204646074426,-0.376,0.452898241055708,-0.025099685,93601.6,0.421194353572216,0.026962315
sekunjalo_invs,Fincials,1.80988231062719,0.8067,1.54584040920507,-0.062719286,244669.5,0.536720703724828,0.063852814
sentula_mining,Basic Materials,4.53967120102155,0.2049,3.32965652219129,-0.179612729,351935.4,0.16879185199609,-0.090954029
sephaku_holdings,Industrials,0.595128876564458,0.8546,0.000868861987749895,-0.116050354,1130214.02,#DIV/0!,0.013539446
set_point_group,Industrials,0,0,0,0,0,0,0
shawcell_telecom,Telecommunications,0,0,0,0,0,0,0
sherbourne_capital,Technology,0,0,0,0,7818.75,#DIV/0!,0
shoprite,Consumer Goods,0.13859858285035,0.2596,0.19231417452613,-0.126265808,91954511.64,1.11149352342925,-0.034161008
simmer_&_jckmines,Basic Materials,0,0,0,0,0,0,0
siyathenga_prfund,Fincials,0,0,0,0,0,0,0
softline,Technology,0,0,0,0,0,0,0
south_afncoal_mnghdg,Basic Materials,0,0,0,0,0,0,0
south_afretprops,Fincials,0,0,0,0,0,0,0
south_ocean,Industrials,3.40132626503559,0.4068,1.84651391810921,-0.13252982,195473.75,0.138996933123897,-0.03115142
southern_mining,Basic Materials,0,0,0,0,0,0,0
sovereign_food_invs,Consumer Goods,1.60524967292877,0.6224,1.04412996999365,-0.094948229,389517.6,0.307198288915809,0.020012971
spanjaard,Basic Materials,1.16832081095866,0.0201,0.840515557143335,-0.0770163,35829.2,0.322654779593858,0
spar_group,Consumer Goods,0.142488255646808,0.5362,0.353850521529436,-0.105345241,19914623.75,0.461349760227957,0.004185359
spearhead_props,Fincials,0,0,0,0,0,0,0
spescom,Technology,0,0,0,0,0,0,0
spicer,Industrials,0,0,0,0,0,0,0
spur,Consumer Goods,0.135007574149961,0.381,0.0535279561869575,-0.0292632,3187717.45,6.33182131478377,0.0704898
square_one_sltngp,Technology,0,0,0,0,0,0,0
standard_bkgp,Fincials,0.595765144597469,0.6288,7.62648478079694,-0.079259116,185257565,1.01844710338534,0.036105284
stefanutti_stocks_hdg,Industrials,1.22564509053289,0.6696,2.57469654645995,-0.156723022,1628781.46,0.174581009382979,-0.038788222
steinhoff_intl,Consumer Goods,0.803049831747742,1.1124,1.46037390635305,-0.025211307,53909481.44,0.670232506651416,0.120619893
stilfontein_gdmng,Basic Materials,0,0,0,0,0,0,0
streamworks_group,Fincials,0,0,0,0,0,0,0
sun_international,Consumer Goods,0.138973434157891,0.5031,0.822135623193406,-0.144012919,10764647.28,1.13383687381504,-0.036567619
super_group,Industrials,0.435342583361827,0.3528,0.617193630764955,-0.154982365,6937348,0.679811512432714,-0.057005965
sycom_property_fund,Fincials,1.02302333629496,0.176,0.347753103560162,-0.151523122,6556392.96,10.0658214912981,-0.064685122
synergy_income_fund_'a',Fincials,0.220738564119236,0.2502,2.14539894696345,-0.117355554,500510.64,9.43238490096678,-0.025842954
taste,Consumer Goods,0.269402017376192,1.607,0.254911654912139,-0.179810528,702466.9,1.38709300970912,-0.002819528
taufin,Fincials,0,0,0,0,0,0,0
tawana_resources_(jse),Basic Materials,0,0,0,0,0,0,0
teal_exp&_mng_(jse),Basic Materials,0,0,0,0,0,0,0
telkom_sa_soc,Telecommunications,1.49673565726434,0.8562,1.95858551722019,0.051926623,11925953.6,0.366941127965293,0.181617223
terexko,Consumer Goods,0,0,0,0,0,0,0
terrafin,Industrials,0,0,0,0,0,0,0
thabex,Basic Materials,0,0,0,0,0,0,0
the_foschini_group,Consumer Goods,0.32506846522057,0.8008,0.3384156839135,-0.169638843,21667435.49,1.68011503132657,-0.043438443
tiger_automotive,Consumer Goods,0,0,0,0,0,0,0
tiger_brands,Consumer Goods,0.208698276542371,0.9886,0.112891721693052,-0.219947439,54158089.79,2.38823873484147,-0.081915639
tiger_wheels,Consumer Goods,0,0,0,0,0,0,0
tigon,Fincials,0,0,0,0,0,0,0
tile_afrika,Industrials,0,0,0,0,0,0,0
times_media_group,Consumer Goods,0.291400902178057,0.2738,0.12838459430072,-0.100331088,2415733.77,#DIV/0!,-0.007331688
tongaat,Consumer Goods,0.651770481941995,0.1173,0.900825430343239,-0.146632041,12820464,0.891982467125861,-0.063492141
total_client_services,Technology,0,0,0,0,0,0,0
tourism_inv,Consumer Goods,0,0,0,0,0,0,0
tradehold,Fincials,0,0,0,0,0,0,0
tradek_hdg,Fincials,0,0,0,0,0,0,0
trans_hex_group,Basic Materials,1.43840227814919,0.1204,1.22964826895954,0.003648977,371178.5,0.49404568590078,0.086984177
transaction_capital,Fincials,1.0169875197437,0.109,3.29916220210548,-0.068088859,2852542.38,1.28261797661871,0.014528141
transpaco,Industrials,0.522216221104005,0.3415,0.393211187496385,-0.02790041,613774.5,0.587782184039585,0.06936409
trematon_capinvs,Fincials,0.377909508869676,0.3634,0.070752230990804,-0.030856261,568278.9,26.8068729657059,0.067787939
trencor,Industrials,0.561602663751306,0.4114,1.73786867323603,-0.124395531,11420886,2.50843092466506,-0.022727331
truworths_intl,Consumer Goods,0.15722323880895,0.8276,0.0230800875563047,-0.147138233,38041450.14,4.3082049988675,-0.019249433
tsogo_sun,Consumer Goods,0.283234863421612,0.1999,0.27737106990831,-0.134498274,29332547.2,2.95989376387487,-0.046154574
twp_holdings,Industrials,0,0,0,0,0,0,0
unihold,Industrials,0,0,0,0,0,0,0
universal_indscorp,Industrials,0,0,0,0,0,0,0
uranium_one_(jse),Basic Materials,0,0,0,0,0,0,0
vaalauto,Consumer Goods,0,0,0,0,0,0,0
vaaltrucar,Consumer Goods,0,0,0,0,0,0,0
value_group,Industrials,0,0,0,0,0,0,0
velocity,Fincials,0,0,0,0,0,0,0
venfin,Fincials,0,0,0,0,0,0,0
venter_leiscomltlr,Industrials,0,0,0,0,0,0,0
verimark,Consumer Goods,1.00693497693407,-0.3041,1.29730863756282,-0.162202261,86846.72,0.191253999748949,-0.105610561
vestacor,Fincials,0,0,0,0,0,0,0
vikinvs&_asstman,Fincials,0,0,0,0,0,0,0
village_main_reef,Basic Materials,4.71935531563838,1.4339,5.02247337406851,-0.13832808,385057.89,0.153893946642399,0.02775762
vividend_income_fund,Fincials,0.0162663387160307,0.4269,1.07812300793257,-0.108608421,1330354.69,9.88383784426333,-0.005963721
vodacom_group,Telecommunications,0.120445689883658,0.968,0.197658325888884,-0.142301274,172691941.24,2.46995639458215,-0.005567274
voltex,Industrials,0,0,0,0,0,0,0
vukile_prfund,Fincials,0.37780729349729,0.0889,0.980989650488947,-0.125805897,6951128.38,5.45157892095082,-0.044455197
vunani_property_invfund,Fincials,0,0,0,0,0,0,0
wesco_investments,Consumer Goods,0,0,0,0,0,0,0
wescoal,Basic Materials,0.68653568449636,0.1458,0.418052726921456,0.038245372,258541.55,0.381934167199713,0.123180772
wesizwe_platinum,Basic Materials,2.62806813938273,0.8282,0.885006426109569,0.642906733,1383652.1,0,0.770833333
western_areas,Basic Materials,0,0,0,0,0,0,0
western_cape_property,Fincials,0,0,0,0,0,0,0
wetherlys_inv,Consumer Goods,0,0,0,0,0,0,0
wilderness_holdings(jse),Consumer Goods,0,0,0,0,0,0,0
wilson_bayly_holmes,Industrials,0.423846091206957,0.5445,0.7285671580382,-0.204160237,9333060,0.521593747308707,-0.094106737
winecorp,Consumer Goods,0,0,0,0,0,0,0
winhold,Industrials,2.39139563443331,0.8662,3.887582696193,-0.049242385,100972,0.11012336146075,0.081078215
witsconsgdres,Basic Materials,1.93836619309945,0.8133,0.0234923166135112,-0.191464786,275920,,-0.064476886
woolworths_hdg,Consumer Goods,0.0776596267521036,0.9712,0.0840080620857022,-0.122811097,57494481.84,2.01001544679066,0.014124503
yabeng_inv,Fincials,0,0,0,0,0,0,0
york_timber_hdg,Basic Materials,1.92709036277233,0.3413,1.18407925300298,-0.0972519,1126216,1.01201696915019,0
zarara_en,Fincials,0,0,0,0,0,0,0
zci,Basic Materials,0,0,0,0,0,0,0
zeder_investments,Fincials,0.821045974613754,0.6316,0.198241281764515,-0.09549749,3999167.04,10.6530821523708,0.02004331
zurich_insurance,Fincials,0.720972727921753,0.2697,0.757973513243378,-0.186859383,2801400,0.82678434191933,-0.094118283
